First name,Last name,Name,Email address
One,Student,One Student,One.Student@fake.edu
Two,Student,Two Student,Two.Student@fake.edu
Three,Student,Three Student,Three.Student@fake.edu
Four,Student,Four Student,Four.Student@fake.edu
Five,Student,Five Student,Five.Student@fake.edu
Six,Student,Six Student,Six.Student@fake.edu
Seven,Student,Seven Student,Seven.Student@fake.edu
Eight,Student,Eight Student,Eight.Student@fake.edu
Nine,Student,Nine Student,Nine.Student@fake.edu
Ten,Student,Ten Student,Ten.Student@fake.edu
Eleven,Student,Eleven Student,Eleven.Student@fake.edu
Twelve,Student,Twelve Student,Twelve.Student@fake.edu
Thirteen,Student,Thirteen Student,Thirteen.Student@fake.edu
Fourteen,Student,Fourteen Student,Fourteen.Student@fake.edu
Fifteen,Student,Fifteen Student,Fifteen.Student@fake.edu
Sixteen,Student,Sixteen Student,Sixteen.Student@fake.edu
Seventeen,Student,Seventeen Student,Seventeen.Student@fake.edu
Eighteen,Student,Eighteen Student,Eighteen.Student@fake.edu
Nineteen,Student,Nineteen Student,Nineteen.Student@fake.edu
Twenty,Student,Twenty Student,Twenty.Student@fake.edu
Twenty-one,Student,Twenty-one Student,Twenty-one.Student@fake.edu
Twenty-two,Student,Twenty-two Student,Twenty-two.Student@fake.edu
Twenty-three,Student,Twenty-three Student,Twenty-three.Student@fake.edu
Twenty-four,Student,Twenty-four Student,Twenty-four.Student@fake.edu
Twenty-five,Student,Twenty-five Student,Twenty-five.Student@fake.edu
Twenty-six,Student,Twenty-six Student,Twenty-six.Student@fake.edu
Twenty-seven,Student,Twenty-seven Student,Twenty-seven.Student@fake.edu
Twenty-eight,Student,Twenty-eight Student,Twenty-eight.Student@fake.edu
Twenty-nine,Student,Twenty-nine Student,Twenty-nine.Student@fake.edu
Thirty,Student,Thirty Student,Thirty.Student@fake.edu
Thirty-one,Student,Thirty-one Student,Thirty-one.Student@fake.edu
Thirty-two,Student,Thirty-two Student,Thirty-two.Student@fake.edu
Thirty-three,Student,Thirty-three Student,Thirty-three.Student@fake.edu
Thirty-four,Student,Thirty-four Student,Thirty-four.Student@fake.edu
Thirty-five,Student,Thirty-five Student,Thirty-five.Student@fake.edu
Thirty-six,Student,Thirty-six Student,Thirty-six.Student@fake.edu
Thirty-seven,Student,Thirty-seven Student,Thirty-seven.Student@fake.edu
Thirty-eight,Student,Thirty-eight Student,Thirty-eight.Student@fake.edu
Thirty-nine,Student,Thirty-nine Student,Thirty-nine.Student@fake.edu
Forty,Student,Forty Student,Forty.Student@fake.edu
Forty-one,Student,Forty-one Student,Forty-one.Student@fake.edu
Forty-two,Student,Forty-two Student,Forty-two.Student@fake.edu
Forty-three,Student,Forty-three Student,Forty-three.Student@fake.edu
Forty-four,Student,Forty-four Student,Forty-four.Student@fake.edu
Forty-five,Student,Forty-five Student,Forty-five.Student@fake.edu
Forty-six,Student,Forty-six Student,Forty-six.Student@fake.edu
Forty-seven,Student,Forty-seven Student,Forty-seven.Student@fake.edu
Forty-eight,Student,Forty-eight Student,Forty-eight.Student@fake.edu
Forty-nine,Student,Forty-nine Student,Forty-nine.Student@fake.edu
Fifty,Student,Fifty Student,Fifty.Student@fake.edu
Fifty-one,Student,Fifty-one Student,Fifty-one.Student@fake.edu
Fifty-two,Student,Fifty-two Student,Fifty-two.Student@fake.edu
Fifty-three,Student,Fifty-three Student,Fifty-three.Student@fake.edu